python_version,implementation,executable,n,value,recursive_best_seconds,recursive_median_seconds,iterative_best_seconds,iterative_median_seconds,iterative_best_speedup,iterative_median_speedup
3.10.20,CPython,python3.10,30,832040,0.14695806100007758,0.1478934829992795,8.273763000033796e-07,8.348296999429294e-07,177619.37464183746,177154.07466862976
3.11.15,CPython,python3.11,30,832040,0.08879894400070043,0.08931482000025426,5.506262999915634e-07,5.546261999370472e-07,161268.98406788957,161036.0635873169
3.12.13,CPython,python3.12,30,832040,0.0730938739998237,0.07416859600016323,4.2763890005517167e-07,4.2983000003005144e-07,170924.28679989945,172553.32572174523
3.13.14,CPython,python3.13,30,832040,0.09617955999965488,0.09640312200008339,4.407423999509774e-07,4.5110829996701796e-07,218221.70957537254,213702.8336812507
3.14.6,CPython,python3.14,30,832040,0.0670998329997019,0.06714981700042699,4.1637000003902356e-07,4.330902999754471e-07,161154.34107503682,155048.07427973766
